App Name,Category,Rating,Review Text
WorkoutPro,Health & Fitness,5,Very helpful in maintaining fitness goals. Interface is user-friendly.
RunMaster,Health & Fitness,5,My favorite fitness app. The reminders are super useful.
FitTrack,Health & Fitness,5,I feel stronger and more energetic thanks to this app.
FitTrack,Health & Fitness,5,It’s my go-to app every morning.
WorkoutPro,Health & Fitness,5,The best health app I’ve used so far!
WorkoutPro,Health & Fitness,5,My favorite fitness app. The reminders are super useful.
WorkoutPro,Health & Fitness,5,I feel stronger and more energetic thanks to this app.
RunMaster,Health & Fitness,5,Great workouts and personalized plans. I’ve lost 5 kg in a month!
RunMaster,Health & Fitness,5,Simple and effective. Exactly what I needed.
YogaDaily,Health & Fitness,5,My favorite fitness app. The reminders are super useful.
HealthSync,Health & Fitness,5,Helps me stay focused on my daily goals.
YogaDaily,Health & Fitness,5,Perfect for home workouts.
WorkoutPro,Health & Fitness,5,Very helpful in maintaining fitness goals. Interface is user-friendly.
YogaDaily,Health & Fitness,5,I feel stronger and more energetic thanks to this app.
RunMaster,Health & Fitness,5,Very helpful in maintaining fitness goals. Interface is user-friendly.
YogaDaily,Health & Fitness,5,Perfect for home workouts.
YogaDaily,Health & Fitness,5,Helps me stay focused on my daily goals.
RunMaster,Health & Fitness,5,Easy to use and tracks my runs accurately. Highly recommend!
WorkoutPro,Health & Fitness,5,It syncs with my smartwatch seamlessly.
FitTrack,Health & Fitness,5,Love this app. Great for daily yoga and mindfulness practice.
YogaDaily,Health & Fitness,5,Very helpful in maintaining fitness goals. Interface is user-friendly.
RunMaster,Health & Fitness,5,Easy to use and tracks my runs accurately. Highly recommend!
HealthSync,Health & Fitness,5,Very helpful in maintaining fitness goals. Interface is user-friendly.
RunMaster,Health & Fitness,5,Great design and intuitive interface.
YogaDaily,Health & Fitness,5,Helps me stay focused on my daily goals.
HealthSync,Health & Fitness,5,Fantastic app! Makes working out fun.
WorkoutPro,Health & Fitness,5,Great design and intuitive interface.
WorkoutPro,Health & Fitness,5,Smooth performance and detailed analytics.
HealthSync,Health & Fitness,5,Great workouts and personalized plans. I’ve lost 5 kg in a month!
RunMaster,Health & Fitness,5,Love this app. Great for daily yoga and mindfulness practice.
WorkoutPro,Health & Fitness,5,The best health app I’ve used so far!
FitTrack,Health & Fitness,5,Love this app. Great for daily yoga and mindfulness practice.
HealthSync,Health & Fitness,5,The best health app I’ve used so far!
FitTrack,Health & Fitness,5,Easy to use and tracks my runs accurately. Highly recommend!
RunMaster,Health & Fitness,5,My favorite fitness app. The reminders are super useful.
WorkoutPro,Health & Fitness,5,Very helpful in maintaining fitness goals. Interface is user-friendly.
WorkoutPro,Health & Fitness,5,Easy to use and tracks my runs accurately. Highly recommend!
WorkoutPro,Health & Fitness,5,Perfect for home workouts.
FitTrack,Health & Fitness,5,Easy to use and tracks my runs accurately. Highly recommend!
WorkoutPro,Health & Fitness,5,Awesome features for tracking sleep and diet too.
YogaDaily,Health & Fitness,5,Great design and intuitive interface.
HealthSync,Health & Fitness,5,Excellent for beginners. Keeps me motivated and on track.
RunMaster,Health & Fitness,5,Great design and intuitive interface.
WorkoutPro,Health & Fitness,5,Awesome features for tracking sleep and diet too.
YogaDaily,Health & Fitness,5,I feel stronger and more energetic thanks to this app.
YogaDaily,Health & Fitness,5,Awesome features for tracking sleep and diet too.
RunMaster,Health & Fitness,5,Love this app. Great for daily yoga and mindfulness practice.
RunMaster,Health & Fitness,5,The best health app I’ve used so far!
RunMaster,Health & Fitness,5,Love this app. Great for daily yoga and mindfulness practice.
YogaDaily,Health & Fitness,5,My favorite fitness app. The reminders are super useful.
